rank,item,repo_name,stars,forks,language,repo_url,username,issues,last_commit,description
1,Python,public-apis,323604,34326,Python,https://github.com/public-apis/public-apis,public-apis,421,2024-10-31T19:50:02Z,A collective list of free APIs
2,Python,system-design-primer,284966,47554,Python,https://github.com/donnemartin/system-design-primer,donnemartin,474,2024-12-02T01:10:39Z,Learn how to design large-scale systems. Prep for the system design interview.  Includes Anki flashcards.
3,Python,awesome-python,229946,25101,Python,https://github.com/vinta/awesome-python,vinta,431,2024-08-11T17:10:18Z,"An opinionated list of awesome Python frameworks, libraries, software and resources."
4,Python,Python,196265,46082,Python,https://github.com/TheAlgorithms/Python,TheAlgorithms,338,2025-01-06T20:12:17Z,All Algorithms implemented in Python
5,Python,AutoGPT,170256,44770,Python,https://github.com/Significant-Gravitas/AutoGPT,Significant-Gravitas,199,2025-01-08T23:31:02Z,"AutoGPT is the vision of accessible AI for everyone, to use and to build on. Our mission is to provide the tools, so that you can focus on what matters."
6,Python,Python-100-Days,159566,52731,Python,https://github.com/jackfrued/Python-100-Days,jackfrued,729,2025-01-07T09:24:56Z,Python - 100å¤©ä»æ–°æ‰‹åˆ°å¤§å¸ˆ
7,Python,stable-diffusion-webui,145536,27292,Python,https://github.com/AUTOMATIC1111/stable-diffusion-webui,AUTOMATIC1111,2338,2024-12-28T22:57:08Z,Stable Diffusion web UI
8,Python,transformers,137331,27488,Python,https://github.com/huggingface/transformers,huggingface,1510,2025-01-08T22:17:58Z,"ğŸ¤— Transformers: State-of-the-art Machine Learning for Pytorch, TensorFlow, and JAX."
9,Python,youtube-dl,133508,10156,Python,https://github.com/ytdl-org/youtube-dl,ytdl-org,4204,2025-01-06T01:42:37Z,Command-line program to download videos from YouTube.com and other video sites
10,Python,HelloGitHub,97218,9761,Python,https://github.com/521xueweihan/HelloGitHub,521xueweihan,178,2024-12-27T10:04:44Z,":octocat: åˆ†äº« GitHub ä¸Šæœ‰è¶£ã€å…¥é—¨çº§çš„å¼€æºé¡¹ç›®ã€‚Share interesting, entry-level open source projects on GitHub."
11,Python,yt-dlp,95703,7512,Python,https://github.com/yt-dlp/yt-dlp,yt-dlp,1825,2024-12-26T01:19:17Z,A feature-rich command-line audio/video downloader
12,Python,thefuck,88837,3560,Python,https://github.com/nvbn/thefuck,nvbn,363,2024-07-19T14:56:13Z,Magnificent app which corrects your previous console command.
13,Python,pytorch,85656,23068,Python,https://github.com/pytorch/pytorch,pytorch,15463,2025-01-09T02:48:31Z,Tensors and Dynamic neural networks in Python with strong GPU acceleration
14,Python,django,81765,32033,Python,https://github.com/django/django,django,296,2025-01-08T15:32:42Z,The Web framework for perfectionists with deadlines.
15,Python,fastapi,79333,6791,Python,https://github.com/fastapi/fastapi,fastapi,317,2025-01-08T19:50:57Z,"FastAPI framework, high performance, easy to learn, fast to code, ready for production"
16,Python,models,77292,45727,Python,https://github.com/tensorflow/models,tensorflow,1249,2025-01-09T02:08:15Z,Models and examples built with TensorFlow
17,Python,core,75596,31831,Python,https://github.com/home-assistant/core,home-assistant,3312,2025-01-09T02:44:00Z,:house_with_garden: Open source home automation that puts local control and privacy first.
18,Python,whisper,73992,8844,Python,https://github.com/openai/whisper,openai,86,2025-01-04T20:56:17Z,Robust Speech Recognition via Large-Scale Weak Supervision
19,Python,manim,73765,6445,Python,https://github.com/3b1b/manim,3b1b,438,2025-01-08T16:22:03Z,Animation engine for explanatory math videos
20,Python,funNLP,70395,14621,Python,https://github.com/fighting41love/funNLP,fighting41love,131,2024-05-10T07:38:24Z,"ä¸­è‹±æ–‡æ•æ„Ÿè¯ã€è¯­è¨€æ£€æµ‹ã€ä¸­å¤–æ‰‹æœº/ç”µè¯å½’å±åœ°/è¿è¥å•†æŸ¥è¯¢ã€åå­—æ¨æ–­æ€§åˆ«ã€æ‰‹æœºå·æŠ½å–ã€èº«ä»½è¯æŠ½å–ã€é‚®ç®±æŠ½å–ã€ä¸­æ—¥æ–‡äººååº“ã€ä¸­æ–‡ç¼©å†™åº“ã€æ‹†å­—è¯å…¸ã€è¯æ±‡æƒ…æ„Ÿå€¼ã€åœç”¨è¯ã€ååŠ¨è¯è¡¨ã€æš´æè¯è¡¨ã€ç¹ç®€ä½“è½¬æ¢ã€è‹±æ–‡æ¨¡æ‹Ÿä¸­æ–‡å‘éŸ³ã€æ±ªå³°æ­Œè¯ç”Ÿæˆå™¨ã€èŒä¸šåç§°è¯åº“ã€åŒä¹‰è¯åº“ã€åä¹‰è¯åº“ã€å¦å®šè¯åº“ã€æ±½è½¦å“ç‰Œè¯åº“ã€æ±½è½¦é›¶ä»¶è¯åº“ã€è¿ç»­è‹±æ–‡åˆ‡å‰²ã€å„ç§ä¸­æ–‡è¯å‘é‡ã€å…¬å¸åå­—å¤§å…¨ã€å¤è¯—è¯åº“ã€ITè¯åº“ã€è´¢ç»è¯åº“ã€æˆè¯­è¯åº“ã€åœ°åè¯åº“ã€å†å²åäººè¯åº“ã€è¯—è¯è¯åº“ã€åŒ»å­¦è¯åº“ã€é¥®é£Ÿè¯åº“ã€æ³•å¾‹è¯åº“ã€æ±½è½¦è¯åº“ã€åŠ¨ç‰©è¯åº“ã€ä¸­æ–‡èŠå¤©è¯­æ–™ã€ä¸­æ–‡è°£è¨€æ•°æ®ã€ç™¾åº¦ä¸­æ–‡é—®ç­”æ•°æ®é›†ã€å¥å­ç›¸ä¼¼åº¦åŒ¹é…ç®—æ³•é›†åˆã€bertèµ„æºã€æ–‡æœ¬ç”Ÿæˆ&æ‘˜è¦ç›¸å…³å·¥å…·ã€cocoNLPä¿¡æ¯æŠ½å–å·¥å…·ã€å›½å†…ç”µè¯å·ç æ­£åˆ™åŒ¹é…ã€æ¸…åå¤§å­¦XLORE:ä¸­è‹±æ–‡è·¨è¯­è¨€ç™¾ç§‘çŸ¥è¯†å›¾è°±ã€æ¸…åå¤§å­¦äººå·¥æ™ºèƒ½æŠ€æœ¯ç³»åˆ—æŠ¥å‘Šã€è‡ªç„¶è¯­è¨€ç”Ÿæˆã€NLUå¤ªéš¾äº†ç³»åˆ—ã€è‡ªåŠ¨å¯¹è”æ•°æ®åŠæœºå™¨äººã€ç”¨æˆ·åé»‘åå•åˆ—è¡¨ã€ç½ªåæ³•åŠ¡åè¯åŠåˆ†ç±»æ¨¡å‹ã€å¾®ä¿¡å…¬ä¼—å·è¯­æ–™ã€cs224næ·±åº¦å­¦ä¹ è‡ªç„¶è¯­è¨€å¤„ç†è¯¾ç¨‹ã€ä¸­æ–‡æ‰‹å†™æ±‰å­—è¯†åˆ«ã€ä¸­æ–‡è‡ªç„¶è¯­è¨€å¤„ç† è¯­æ–™/æ•°æ®é›†ã€å˜é‡å‘½åç¥å™¨ã€åˆ†è¯è¯­æ–™åº“+ä»£ç ã€ä»»åŠ¡å‹å¯¹è¯è‹±æ–‡æ•°æ®é›†ã€ASR è¯­éŸ³æ•°æ®é›† + åŸºäºæ·±åº¦å­¦ä¹ çš„ä¸­æ–‡è¯­éŸ³è¯†åˆ«ç³»ç»Ÿã€ç¬‘å£°æ£€æµ‹å™¨ã€Microsoftå¤šè¯­è¨€æ•°å­—/å•ä½/å¦‚æ—¥æœŸæ—¶é—´è¯†åˆ«åŒ…ã€ä¸­åæ–°åå­—å…¸æ•°æ®åº“åŠapi(åŒ…æ‹¬å¸¸ç”¨æ­‡åè¯­ã€æˆè¯­ã€è¯è¯­å’Œæ±‰å­—)ã€æ–‡æ¡£å›¾è°±è‡ªåŠ¨ç”Ÿæˆã€SpaCy ä¸­æ–‡æ¨¡å‹ã€Common Voiceè¯­éŸ³è¯†åˆ«æ•°æ®é›†æ–°ç‰ˆã€ç¥ç»ç½‘ç»œå…³ç³»æŠ½å–ã€åŸºäºbertçš„å‘½åå®ä½“è¯†åˆ«ã€å…³é”®è¯(Keyphrase)æŠ½å–åŒ…pkeã€åŸºäºåŒ»ç–—é¢†åŸŸçŸ¥è¯†å›¾è°±çš„é—®ç­”ç³»ç»Ÿã€åŸºäºä¾å­˜å¥æ³•ä¸è¯­ä¹‰è§’è‰²æ ‡æ³¨çš„äº‹ä»¶ä¸‰å…ƒç»„æŠ½å–ã€ä¾å­˜å¥æ³•åˆ†æ4ä¸‡å¥é«˜è´¨é‡æ ‡æ³¨æ•°æ®ã€cnocrï¼šç”¨æ¥åšä¸­æ–‡OCRçš„Python3åŒ…ã€ä¸­æ–‡äººç‰©å…³ç³»çŸ¥è¯†å›¾è°±é¡¹ç›®ã€ä¸­æ–‡nlpç«èµ›é¡¹ç›®åŠä»£ç æ±‡æ€»ã€ä¸­æ–‡å­—ç¬¦æ•°æ®ã€speech-aligner: ä»â€œäººå£°è¯­éŸ³â€åŠå…¶â€œè¯­è¨€æ–‡æœ¬â€äº§ç”ŸéŸ³ç´ çº§åˆ«æ—¶é—´å¯¹é½æ ‡æ³¨çš„å·¥å…·ã€AmpliGraph: çŸ¥è¯†å›¾è°±è¡¨ç¤ºå­¦ä¹ (Python)åº“ï¼šçŸ¥è¯†å›¾è°±æ¦‚å¿µé“¾æ¥é¢„æµ‹ã€Scattertext æ–‡æœ¬å¯è§†åŒ–(python)ã€è¯­è¨€/çŸ¥è¯†è¡¨ç¤ºå·¥å…·ï¼šBERT & ERNIEã€ä¸­æ–‡å¯¹æ¯”è‹±æ–‡è‡ªç„¶è¯­è¨€å¤„ç†NLPçš„åŒºåˆ«ç»¼è¿°ã€Synonymsä¸­æ–‡è¿‘ä¹‰è¯å·¥å…·åŒ…ã€HarvestTexté¢†åŸŸè‡ªé€‚åº”æ–‡æœ¬æŒ–æ˜å·¥å…·ï¼ˆæ–°è¯å‘ç°-æƒ…æ„Ÿåˆ†æ-å®ä½“é“¾æ¥ç­‰ï¼‰ã€word2wordï¼š(Python)æ–¹ä¾¿æ˜“ç”¨çš„å¤šè¯­è¨€è¯-è¯å¯¹é›†ï¼š62ç§è¯­è¨€/3,564ä¸ªå¤šè¯­è¨€å¯¹ã€è¯­éŸ³è¯†åˆ«è¯­æ–™ç”Ÿæˆå·¥å…·ï¼šä»å…·æœ‰éŸ³é¢‘/å­—å¹•çš„åœ¨çº¿è§†é¢‘åˆ›å»ºè‡ªåŠ¨è¯­éŸ³è¯†åˆ«(ASR)è¯­æ–™åº“ã€æ„å»ºåŒ»ç–—å®ä½“è¯†åˆ«çš„æ¨¡å‹ï¼ˆåŒ…å«è¯å…¸å’Œè¯­æ–™æ ‡æ³¨ï¼‰ã€å•æ–‡æ¡£éç›‘ç£çš„å…³é”®è¯æŠ½å–ã€Kashgariä¸­ä½¿ç”¨gpt-2è¯­è¨€æ¨¡å‹ã€å¼€æºçš„é‡‘èæŠ•èµ„æ•°æ®æå–å·¥å…·ã€æ–‡æœ¬è‡ªåŠ¨æ‘˜è¦åº“TextTeaser: ä»…æ”¯æŒè‹±æ–‡ã€äººæ°‘æ—¥æŠ¥è¯­æ–™å¤„ç†å·¥å…·é›†ã€ä¸€äº›å…³äºè‡ªç„¶è¯­è¨€çš„åŸºæœ¬æ¨¡å‹ã€åŸºäº14Wæ­Œæ›²çŸ¥è¯†åº“çš„é—®ç­”å°è¯•--åŠŸèƒ½åŒ…æ‹¬æ­Œè¯æ¥é¾™andå·²çŸ¥æ­Œè¯æ‰¾æ­Œæ›²ä»¥åŠæ­Œæ›²æ­Œæ‰‹æ­Œè¯ä¸‰è§’å…³ç³»çš„é—®ç­”ã€åŸºäºSiamese bilstmæ¨¡å‹çš„ç›¸ä¼¼å¥å­åˆ¤å®šæ¨¡å‹å¹¶æä¾›è®­ç»ƒæ•°æ®é›†å’Œæµ‹è¯•æ•°æ®é›†ã€ç”¨Transformerç¼–è§£ç æ¨¡å‹å®ç°çš„æ ¹æ®Hacker Newsæ–‡ç« æ ‡é¢˜è‡ªåŠ¨ç”Ÿæˆè¯„è®ºã€ç”¨BERTè¿›è¡Œåºåˆ—æ ‡è®°å’Œæ–‡æœ¬åˆ†ç±»çš„æ¨¡æ¿ä»£ç ã€LitBankï¼šNLPæ•°æ®é›†â€”â€”æ”¯æŒè‡ªç„¶è¯­è¨€å¤„ç†å’Œè®¡ç®—äººæ–‡å­¦ç§‘ä»»åŠ¡çš„100éƒ¨å¸¦æ ‡è®°è‹±æ–‡å°è¯´è¯­æ–™ã€ç™¾åº¦å¼€æºçš„åŸºå‡†ä¿¡æ¯æŠ½å–ç³»ç»Ÿã€è™šå‡æ–°é—»æ•°æ®é›†ã€Facebook: LAMAè¯­è¨€æ¨¡å‹åˆ†æï¼Œæä¾›Transformer-XL/BERT/ELMo/GPTé¢„è®­ç»ƒè¯­è¨€æ¨¡å‹çš„ç»Ÿä¸€è®¿é—®æ¥å£ã€CommonsenseQAï¼šé¢å‘å¸¸è¯†çš„è‹±æ–‡QAæŒ‘æˆ˜ã€ä¸­æ–‡çŸ¥è¯†å›¾è°±èµ„æ–™ã€æ•°æ®åŠå·¥å…·ã€å„å¤§å…¬å¸å†…éƒ¨é‡Œå¤§ç‰›åˆ†äº«çš„æŠ€æœ¯æ–‡æ¡£ PDF æˆ–è€… PPTã€è‡ªç„¶è¯­è¨€ç”ŸæˆSQLè¯­å¥ï¼ˆè‹±æ–‡ï¼‰ã€ä¸­æ–‡NLPæ•°æ®å¢å¼ºï¼ˆEDAï¼‰å·¥å…·ã€è‹±æ–‡NLPæ•°æ®å¢å¼ºå·¥å…· ã€åŸºäºåŒ»è¯çŸ¥è¯†å›¾è°±çš„æ™ºèƒ½é—®ç­”ç³»ç»Ÿã€äº¬ä¸œå•†å“çŸ¥è¯†å›¾è°±ã€åŸºäºmongodbå­˜å‚¨çš„å†›äº‹é¢†åŸŸçŸ¥è¯†å›¾è°±é—®ç­”é¡¹ç›®ã€åŸºäºè¿œç›‘ç£çš„ä¸­æ–‡å…³ç³»æŠ½å–ã€è¯­éŸ³æƒ…æ„Ÿåˆ†æã€ä¸­æ–‡ULMFiT-æƒ…æ„Ÿåˆ†æ-æ–‡æœ¬åˆ†ç±»-è¯­æ–™åŠæ¨¡å‹ã€ä¸€ä¸ªæ‹ç…§åšé¢˜ç¨‹åºã€ä¸–ç•Œå„å›½å¤§è§„æ¨¡äººååº“ã€ä¸€ä¸ªåˆ©ç”¨æœ‰è¶£ä¸­æ–‡è¯­æ–™åº“ qingyun è®­ç»ƒå‡ºæ¥çš„ä¸­æ–‡èŠå¤©æœºå™¨äººã€ä¸­æ–‡èŠå¤©æœºå™¨äººseqGANã€çœå¸‚åŒºé•‡è¡Œæ”¿åŒºåˆ’æ•°æ®å¸¦æ‹¼éŸ³æ ‡æ³¨ã€æ•™è‚²è¡Œä¸šæ–°é—»è¯­æ–™åº“åŒ…å«è‡ªåŠ¨æ–‡æ‘˜åŠŸèƒ½ã€å¼€æ”¾äº†å¯¹è¯æœºå™¨äºº-çŸ¥è¯†å›¾è°±-è¯­ä¹‰ç†è§£-è‡ªç„¶è¯­è¨€å¤„ç†å·¥å…·åŠæ•°æ®ã€ä¸­æ–‡çŸ¥è¯†å›¾è°±ï¼šåŸºäºç™¾åº¦ç™¾ç§‘ä¸­æ–‡é¡µé¢-æŠ½å–ä¸‰å…ƒç»„ä¿¡æ¯-æ„å»ºä¸­æ–‡çŸ¥è¯†å›¾è°±ã€masr: ä¸­æ–‡è¯­éŸ³è¯†åˆ«-æä¾›é¢„è®­ç»ƒæ¨¡å‹-é«˜è¯†åˆ«ç‡ã€PythonéŸ³é¢‘æ•°æ®å¢å¹¿åº“ã€ä¸­æ–‡å…¨è¯è¦†ç›–BERTåŠä¸¤ä»½é˜…è¯»ç†è§£æ•°æ®ã€ConvLabï¼šå¼€æºå¤šåŸŸç«¯åˆ°ç«¯å¯¹è¯ç³»ç»Ÿå¹³å°ã€ä¸­æ–‡è‡ªç„¶è¯­è¨€å¤„ç†æ•°æ®é›†ã€åŸºäºæœ€æ–°ç‰ˆæœ¬rasaæ­å»ºçš„å¯¹è¯ç³»ç»Ÿã€åŸºäºTensorFlowå’ŒBERTçš„ç®¡é“å¼å®ä½“åŠå…³ç³»æŠ½å–ã€ä¸€ä¸ªå°å‹çš„è¯åˆ¸çŸ¥è¯†å›¾è°±/çŸ¥è¯†åº“ã€å¤ç›˜æ‰€æœ‰NLPæ¯”èµ›çš„TOPæ–¹æ¡ˆã€OpenCLaPï¼šå¤šé¢†åŸŸå¼€æºä¸­æ–‡é¢„è®­ç»ƒè¯­è¨€æ¨¡å‹ä»“åº“ã€UERï¼šåŸºäºä¸åŒè¯­æ–™+ç¼–ç å™¨+ç›®æ ‡ä»»åŠ¡çš„ä¸­æ–‡é¢„è®­ç»ƒæ¨¡å‹ä»“åº“ã€ä¸­æ–‡è‡ªç„¶è¯­è¨€å¤„ç†å‘é‡åˆé›†ã€åŸºäºé‡‘è-å¸æ³•é¢†åŸŸ(å…¼æœ‰é—²èŠæ€§è´¨)çš„èŠå¤©æœºå™¨äººã€g2pCï¼šåŸºäºä¸Šä¸‹æ–‡çš„æ±‰è¯­è¯»éŸ³è‡ªåŠ¨æ ‡è®°æ¨¡å—ã€Zincbase çŸ¥è¯†å›¾è°±æ„å»ºå·¥å…·åŒ…ã€è¯—æ­Œè´¨é‡è¯„ä»·/ç»†ç²’åº¦æƒ…æ„Ÿè¯—æ­Œè¯­æ–™åº“ã€å¿«é€Ÿè½¬åŒ–ã€Œä¸­æ–‡æ•°å­—ã€å’Œã€Œé˜¿æ‹‰ä¼¯æ•°å­—ã€ã€ç™¾åº¦çŸ¥é“é—®ç­”è¯­æ–™åº“ã€åŸºäºçŸ¥è¯†å›¾è°±çš„é—®ç­”ç³»ç»Ÿã€jieba_fast åŠ é€Ÿç‰ˆçš„jiebaã€æ­£åˆ™è¡¨è¾¾å¼æ•™ç¨‹ã€ä¸­æ–‡é˜…è¯»ç†è§£æ•°æ®é›†ã€åŸºäºBERTç­‰æœ€æ–°è¯­è¨€æ¨¡å‹çš„æŠ½å–å¼æ‘˜è¦æå–ã€Pythonåˆ©ç”¨æ·±åº¦å­¦ä¹ è¿›è¡Œæ–‡æœ¬æ‘˜è¦çš„ç»¼åˆæŒ‡å—ã€çŸ¥è¯†å›¾è°±æ·±åº¦å­¦ä¹ ç›¸å…³èµ„æ–™æ•´ç†ã€ç»´åŸºå¤§è§„æ¨¡å¹³è¡Œæ–‡æœ¬è¯­æ–™ã€StanfordNLP 0.2.0ï¼šçº¯Pythonç‰ˆè‡ªç„¶è¯­è¨€å¤„ç†åŒ…ã€NeuralNLP-NeuralClassifierï¼šè…¾è®¯å¼€æºæ·±åº¦å­¦ä¹ æ–‡æœ¬åˆ†ç±»å·¥å…·ã€ç«¯åˆ°ç«¯çš„å°é—­åŸŸå¯¹è¯ç³»ç»Ÿã€ä¸­æ–‡å‘½åå®ä½“è¯†åˆ«ï¼šNeuroNER vs. BertNERã€æ–°é—»äº‹ä»¶çº¿ç´¢æŠ½å–ã€2019å¹´ç™¾åº¦çš„ä¸‰å…ƒç»„æŠ½å–æ¯”èµ›ï¼šâ€œç§‘å­¦ç©ºé—´é˜Ÿâ€æºç ã€åŸºäºä¾å­˜å¥æ³•çš„å¼€æ”¾åŸŸæ–‡æœ¬çŸ¥è¯†ä¸‰å…ƒç»„æŠ½å–å’ŒçŸ¥è¯†åº“æ„å»ºã€ä¸­æ–‡çš„GPT2è®­ç»ƒä»£ç ã€ML-NLP - æœºå™¨å­¦ä¹ (Machine Learning)NLPé¢è¯•ä¸­å¸¸è€ƒåˆ°çš„çŸ¥è¯†ç‚¹å’Œä»£ç å®ç°ã€nlp4han:ä¸­æ–‡è‡ªç„¶è¯­è¨€å¤„ç†å·¥å…·é›†(æ–­å¥/åˆ†è¯/è¯æ€§æ ‡æ³¨/ç»„å—/å¥æ³•åˆ†æ/è¯­ä¹‰åˆ†æ/NER/Nå…ƒè¯­æ³•/HMM/ä»£è¯æ¶ˆè§£/æƒ…æ„Ÿåˆ†æ/æ‹¼å†™æ£€æŸ¥ã€XLMï¼šFacebookçš„è·¨è¯­è¨€é¢„è®­ç»ƒè¯­è¨€æ¨¡å‹ã€ç”¨åŸºäºBERTçš„å¾®è°ƒå’Œç‰¹å¾æå–æ–¹æ³•æ¥è¿›è¡ŒçŸ¥è¯†å›¾è°±ç™¾åº¦ç™¾ç§‘äººç‰©è¯æ¡å±æ€§æŠ½å–ã€ä¸­æ–‡è‡ªç„¶è¯­è¨€å¤„ç†ç›¸å…³çš„å¼€æ”¾ä»»åŠ¡-æ•°æ®é›†-å½“å‰æœ€ä½³ç»“æœã€CoupletAI - åŸºäºCNN+Bi-LSTM+Attention çš„è‡ªåŠ¨å¯¹å¯¹è”ç³»ç»Ÿã€æŠ½è±¡çŸ¥è¯†å›¾è°±ã€MiningZhiDaoQACorpus - 580ä¸‡ç™¾åº¦çŸ¥é“é—®ç­”æ•°æ®æŒ–æ˜é¡¹ç›®ã€brat rapid annotation tool: åºåˆ—æ ‡æ³¨å·¥å…·ã€å¤§è§„æ¨¡ä¸­æ–‡çŸ¥è¯†å›¾è°±æ•°æ®ï¼š1.4äº¿å®ä½“ã€æ•°æ®å¢å¼ºåœ¨æœºå™¨ç¿»è¯‘åŠå…¶ä»–nlpä»»åŠ¡ä¸­çš„åº”ç”¨åŠæ•ˆæœã€allennlpé˜…è¯»ç†è§£:æ”¯æŒå¤šç§æ•°æ®å’Œæ¨¡å‹ã€PDFè¡¨æ ¼æ•°æ®æå–å·¥å…· ã€ Graphbrainï¼šAIå¼€æºè½¯ä»¶åº“å’Œç§‘ç ”å·¥å…·ï¼Œç›®çš„æ˜¯ä¿ƒè¿›è‡ªåŠ¨æ„ä¹‰æå–å’Œæ–‡æœ¬ç†è§£ä»¥åŠçŸ¥è¯†çš„æ¢ç´¢å’Œæ¨æ–­ã€ç®€å†è‡ªåŠ¨ç­›é€‰ç³»ç»Ÿã€åŸºäºå‘½åå®ä½“è¯†åˆ«çš„ç®€å†è‡ªåŠ¨æ‘˜è¦ã€ä¸­æ–‡è¯­è¨€ç†è§£æµ‹è¯„åŸºå‡†ï¼ŒåŒ…æ‹¬ä»£è¡¨æ€§çš„æ•°æ®é›†&åŸºå‡†æ¨¡å‹&è¯­æ–™åº“&æ’è¡Œæ¦œã€æ ‘æ´ OCR æ–‡å­—è¯†åˆ« ã€ä»åŒ…å«è¡¨æ ¼çš„æ‰«æå›¾ç‰‡ä¸­è¯†åˆ«è¡¨æ ¼å’Œæ–‡å­—ã€è¯­å£°è¿ç§»ã€Pythonå£è¯­è‡ªç„¶è¯­è¨€å¤„ç†å·¥å…·é›†(è‹±æ–‡)ã€ similarityï¼šç›¸ä¼¼åº¦è®¡ç®—å·¥å…·åŒ…ï¼Œjavaç¼–å†™ã€æµ·é‡ä¸­æ–‡é¢„è®­ç»ƒALBERTæ¨¡å‹ ã€Transformers 2.0 ã€åŸºäºå¤§è§„æ¨¡éŸ³é¢‘æ•°æ®é›†Audiosetçš„éŸ³é¢‘å¢å¼º ã€Poplarï¼šç½‘é¡µç‰ˆè‡ªç„¶è¯­è¨€æ ‡æ³¨å·¥å…·ã€å›¾ç‰‡æ–‡å­—å»é™¤ï¼Œå¯ç”¨äºæ¼«ç”»ç¿»è¯‘ ã€186ç§è¯­è¨€çš„æ•°å­—å«æ³•åº“ã€Amazonå‘å¸ƒåŸºäºçŸ¥è¯†çš„äºº-äººå¼€æ”¾é¢†åŸŸå¯¹è¯æ•°æ®é›† ã€ä¸­æ–‡æ–‡æœ¬çº é”™æ¨¡å—ä»£ç ã€ç¹ç®€ä½“è½¬æ¢ ã€ Pythonå®ç°çš„å¤šç§æ–‡æœ¬å¯è¯»æ€§è¯„ä»·æŒ‡æ ‡ã€ç±»ä¼¼äºäººå/åœ°å/ç»„ç»‡æœºæ„åçš„å‘½åä½“è¯†åˆ«æ•°æ®é›† ã€ä¸œå—å¤§å­¦ã€ŠçŸ¥è¯†å›¾è°±ã€‹ç ”ç©¶ç”Ÿè¯¾ç¨‹(èµ„æ–™)ã€. è‹±æ–‡æ‹¼å†™æ£€æŸ¥åº“ ã€ wwsearchæ˜¯ä¼ä¸šå¾®ä¿¡åå°è‡ªç ”çš„å…¨æ–‡æ£€ç´¢å¼•æ“ã€CHAMELEONï¼šæ·±åº¦å­¦ä¹ æ–°é—»æ¨èç³»ç»Ÿå…ƒæ¶æ„ ã€ 8ç¯‡è®ºæ–‡æ¢³ç†BERTç›¸å…³æ¨¡å‹è¿›å±•ä¸åæ€ã€DocSearchï¼šå…è´¹æ–‡æ¡£æœç´¢å¼•æ“ã€ LIDAï¼šè½»é‡äº¤äº’å¼å¯¹è¯æ ‡æ³¨å·¥å…· ã€aili - the fastest in-memory index in the East ä¸œåŠçƒæœ€å¿«å¹¶å‘ç´¢å¼• ã€çŸ¥è¯†å›¾è°±è½¦éŸ³å·¥ä½œé¡¹ç›®ã€è‡ªç„¶è¯­è¨€ç”Ÿæˆèµ„æºå¤§å…¨ ã€ä¸­æ—¥éŸ©åˆ†è¯åº“mecabçš„Pythonæ¥å£åº“ã€ä¸­æ–‡æ–‡æœ¬æ‘˜è¦/å…³é”®è¯æå–ã€æ±‰å­—å­—ç¬¦ç‰¹å¾æå–å™¨ (featurizer)ï¼Œæå–æ±‰å­—çš„ç‰¹å¾ï¼ˆå‘éŸ³ç‰¹å¾ã€å­—å½¢ç‰¹å¾ï¼‰ç”¨åšæ·±åº¦å­¦ä¹ çš„ç‰¹å¾ã€ä¸­æ–‡ç”Ÿæˆä»»åŠ¡åŸºå‡†æµ‹è¯„ ã€ä¸­æ–‡ç¼©å†™æ•°æ®é›†ã€ä¸­æ–‡ä»»åŠ¡åŸºå‡†æµ‹è¯„ - ä»£è¡¨æ€§çš„æ•°æ®é›†-åŸºå‡†(é¢„è®­ç»ƒ)æ¨¡å‹-è¯­æ–™åº“-baseline-å·¥å…·åŒ…-æ’è¡Œæ¦œã€PySS3ï¼šé¢å‘å¯è§£é‡ŠAIçš„SS3æ–‡æœ¬åˆ†ç±»å™¨æœºå™¨å¯è§†åŒ–å·¥å…· ã€ä¸­æ–‡NLPæ•°æ®é›†åˆ—è¡¨ã€COPE - æ ¼å¾‹è¯—ç¼–è¾‘ç¨‹åºã€doccanoï¼šåŸºäºç½‘é¡µçš„å¼€æºååŒå¤šè¯­è¨€æ–‡æœ¬æ ‡æ³¨å·¥å…· ã€PreNLPï¼šè‡ªç„¶è¯­è¨€é¢„å¤„ç†åº“ã€ç®€å•çš„ç®€å†è§£æå™¨ï¼Œç”¨æ¥ä»ç®€å†ä¸­æå–å…³é”®ä¿¡æ¯ã€ç”¨äºä¸­æ–‡é—²èŠçš„GPT2æ¨¡å‹ï¼šGPT2-chitchatã€åŸºäºæ£€ç´¢èŠå¤©æœºå™¨äººå¤šè½®å“åº”é€‰æ‹©ç›¸å…³èµ„æºåˆ—è¡¨(Leaderboardsã€Datasetsã€Papers)ã€(Colab)æŠ½è±¡æ–‡æœ¬æ‘˜è¦å®ç°é›†é”¦(æ•™ç¨‹ ã€è¯è¯­æ‹¼éŸ³æ•°æ®ã€é«˜æ•ˆæ¨¡ç³Šæœç´¢å·¥å…·ã€NLPæ•°æ®å¢å¹¿èµ„æºé›†ã€å¾®è½¯å¯¹è¯æœºå™¨äººæ¡†æ¶ ã€ GitHub Typo Corpusï¼šå¤§è§„æ¨¡GitHubå¤šè¯­è¨€æ‹¼å†™é”™è¯¯/è¯­æ³•é”™è¯¯æ•°æ®é›†ã€TextClusterï¼šçŸ­æ–‡æœ¬èšç±»é¢„å¤„ç†æ¨¡å— Short text clusterã€é¢å‘è¯­éŸ³è¯†åˆ«çš„ä¸­æ–‡æ–‡æœ¬è§„èŒƒåŒ–ã€BLINKï¼šæœ€å…ˆè¿›çš„å®ä½“é“¾æ¥åº“ã€BertPuncï¼šåŸºäºBERTçš„æœ€å…ˆè¿›æ ‡ç‚¹ä¿®å¤æ¨¡å‹ã€Tokenizerï¼šå¿«é€Ÿã€å¯å®šåˆ¶çš„æ–‡æœ¬è¯æ¡åŒ–åº“ã€ä¸­æ–‡è¯­è¨€ç†è§£æµ‹è¯„åŸºå‡†ï¼ŒåŒ…æ‹¬ä»£è¡¨æ€§çš„æ•°æ®é›†ã€åŸºå‡†(é¢„è®­ç»ƒ)æ¨¡å‹ã€è¯­æ–™åº“ã€æ’è¡Œæ¦œã€spaCy åŒ»å­¦æ–‡æœ¬æŒ–æ˜ä¸ä¿¡æ¯æå– ã€ NLPä»»åŠ¡ç¤ºä¾‹é¡¹ç›®ä»£ç é›†ã€ pythonæ‹¼å†™æ£€æŸ¥åº“ã€chatbot-list - è¡Œä¸šå†…å…³äºæ™ºèƒ½å®¢æœã€èŠå¤©æœºå™¨äººçš„åº”ç”¨å’Œæ¶æ„ã€ç®—æ³•åˆ†äº«å’Œä»‹ç»ã€è¯­éŸ³è´¨é‡è¯„ä»·æŒ‡æ ‡(MOSNet, BSSEval, STOI, PESQ, SRMR)ã€ ç”¨138GBè¯­æ–™è®­ç»ƒçš„æ³•æ–‡RoBERTaé¢„è®­ç»ƒè¯­è¨€æ¨¡å‹ ã€BERT-NER-Pytorchï¼šä¸‰ç§ä¸åŒæ¨¡å¼çš„BERTä¸­æ–‡NERå®éªŒã€æ— é“è¯å…¸ - æœ‰é“è¯å…¸çš„å‘½ä»¤è¡Œç‰ˆæœ¬ï¼Œæ”¯æŒè‹±æ±‰äº’æŸ¥å’Œåœ¨çº¿æŸ¥è¯¢ã€2019å¹´NLPäº®ç‚¹å›é¡¾ã€ Chinese medical dialogue data ä¸­æ–‡åŒ»ç–—å¯¹è¯æ•°æ®é›† ã€æœ€å¥½çš„æ±‰å­—æ•°å­—(ä¸­æ–‡æ•°å­—)-é˜¿æ‹‰ä¼¯æ•°å­—è½¬æ¢å·¥å…·ã€ åŸºäºç™¾ç§‘çŸ¥è¯†åº“çš„ä¸­æ–‡è¯è¯­å¤šè¯ä¹‰/ä¹‰é¡¹è·å–ä¸ç‰¹å®šå¥å­è¯è¯­è¯­ä¹‰æ¶ˆæ­§ã€awesome-nlp-sentiment-analysis - æƒ…æ„Ÿåˆ†æã€æƒ…ç»ªåŸå› è¯†åˆ«ã€è¯„ä»·å¯¹è±¡å’Œè¯„ä»·è¯æŠ½å–ã€LineFlowï¼šé¢å‘æ‰€æœ‰æ·±åº¦å­¦ä¹ æ¡†æ¶çš„NLPæ•°æ®é«˜æ•ˆåŠ è½½å™¨ã€ä¸­æ–‡åŒ»å­¦NLPå…¬å¼€èµ„æºæ•´ç† ã€MedQuADï¼š(è‹±æ–‡)åŒ»å­¦é—®ç­”æ•°æ®é›†ã€å°†è‡ªç„¶è¯­è¨€æ•°å­—ä¸²è§£æè½¬æ¢ä¸ºæ•´æ•°å’Œæµ®ç‚¹æ•°ã€Transfer Learning in Natural Language Processing (NLP) ã€é¢å‘è¯­éŸ³è¯†åˆ«çš„ä¸­æ–‡/è‹±æ–‡å‘éŸ³è¾å…¸ã€Tokenizersï¼šæ³¨é‡æ€§èƒ½ä¸å¤šåŠŸèƒ½æ€§çš„æœ€å…ˆè¿›åˆ†è¯å™¨ã€CLUENER ç»†ç²’åº¦å‘½åå®ä½“è¯†åˆ« Fine Grained Named Entity Recognitionã€ åŸºäºBERTçš„ä¸­æ–‡å‘½åå®ä½“è¯†åˆ«ã€ä¸­æ–‡è°£è¨€æ•°æ®åº“ã€NLPæ•°æ®é›†/åŸºå‡†ä»»åŠ¡å¤§åˆ—è¡¨ã€nlpç›¸å…³çš„ä¸€äº›è®ºæ–‡åŠä»£ç , åŒ…æ‹¬ä¸»é¢˜æ¨¡å‹ã€è¯å‘é‡(Word Embedding)ã€å‘½åå®ä½“è¯†åˆ«(NER)ã€æ–‡æœ¬åˆ†ç±»(Text Classificatin)ã€æ–‡æœ¬ç”Ÿæˆ(Text Generation)ã€æ–‡æœ¬ç›¸ä¼¼æ€§(Text Similarity)è®¡ç®—ç­‰ï¼Œæ¶‰åŠåˆ°å„ç§ä¸nlpç›¸å…³çš„ç®—æ³•ï¼ŒåŸºäºkeraså’Œtensorflow ã€Pythonæ–‡æœ¬æŒ–æ˜/NLPå®æˆ˜ç¤ºä¾‹ã€ Blackstoneï¼šé¢å‘éç»“æ„åŒ–æ³•å¾‹æ–‡æœ¬çš„spaCy pipelineå’ŒNLPæ¨¡å‹é€šè¿‡åŒä¹‰è¯æ›¿æ¢å®ç°æ–‡æœ¬â€œå˜è„¸â€ ã€ä¸­æ–‡ é¢„è®­ç»ƒ ELECTREA æ¨¡å‹: åŸºäºå¯¹æŠ—å­¦ä¹  pretrain Chinese Model ã€albert-chinese-ner - ç”¨é¢„è®­ç»ƒè¯­è¨€æ¨¡å‹ALBERTåšä¸­æ–‡NER ã€åŸºäºGPT2çš„ç‰¹å®šä¸»é¢˜æ–‡æœ¬ç”Ÿæˆ/æ–‡æœ¬å¢å¹¿ã€å¼€æºé¢„è®­ç»ƒè¯­è¨€æ¨¡å‹åˆé›†ã€å¤šè¯­è¨€å¥å‘é‡åŒ…ã€ç¼–ç ã€æ ‡è®°å’Œå®ç°ï¼šä¸€ç§å¯æ§é«˜æ•ˆçš„æ–‡æœ¬ç”Ÿæˆæ–¹æ³•ã€ è‹±æ–‡è„è¯å¤§åˆ—è¡¨ ã€attnvisï¼šGPT2ã€BERTç­‰transformerè¯­è¨€æ¨¡å‹æ³¨æ„åŠ›äº¤äº’å¯è§†åŒ–ã€CoVoSTï¼šFacebookå‘å¸ƒçš„å¤šè¯­ç§è¯­éŸ³-æ–‡æœ¬ç¿»è¯‘è¯­æ–™åº“ï¼ŒåŒ…æ‹¬11ç§è¯­è¨€(æ³•è¯­ã€å¾·è¯­ã€è·å…°è¯­ã€ä¿„è¯­ã€è¥¿ç­ç‰™è¯­ã€æ„å¤§åˆ©è¯­ã€åœŸè€³å…¶è¯­ã€æ³¢æ–¯è¯­ã€ç‘å…¸è¯­ã€è’™å¤è¯­å’Œä¸­æ–‡)çš„è¯­éŸ³ã€æ–‡å­—è½¬å½•åŠè‹±æ–‡è¯‘æ–‡ã€Jiaguè‡ªç„¶è¯­è¨€å¤„ç†å·¥å…· - ä»¥BiLSTMç­‰æ¨¡å‹ä¸ºåŸºç¡€ï¼Œæä¾›çŸ¥è¯†å›¾è°±å…³ç³»æŠ½å– ä¸­æ–‡åˆ†è¯ è¯æ€§æ ‡æ³¨ å‘½åå®ä½“è¯†åˆ« æƒ…æ„Ÿåˆ†æ æ–°è¯å‘ç° å…³é”®è¯ æ–‡æœ¬æ‘˜è¦ æ–‡æœ¬èšç±»ç­‰åŠŸèƒ½ã€ç”¨unetå®ç°å¯¹æ–‡æ¡£è¡¨æ ¼çš„è‡ªåŠ¨æ£€æµ‹ï¼Œè¡¨æ ¼é‡å»ºã€NLPäº‹ä»¶æå–æ–‡çŒ®èµ„æºåˆ—è¡¨ ã€ é‡‘èé¢†åŸŸè‡ªç„¶è¯­è¨€å¤„ç†ç ”ç©¶èµ„æºå¤§åˆ—è¡¨ã€CLUEDatasetSearch - ä¸­è‹±æ–‡NLPæ•°æ®é›†ï¼šæœç´¢æ‰€æœ‰ä¸­æ–‡NLPæ•°æ®é›†ï¼Œé™„å¸¸ç”¨è‹±æ–‡NLPæ•°æ®é›† ã€medical_NER - ä¸­æ–‡åŒ»å­¦çŸ¥è¯†å›¾è°±å‘½åå®ä½“è¯†åˆ« ã€(å“ˆä½›)è®²å› æœæ¨ç†çš„å…è´¹ä¹¦ã€çŸ¥è¯†å›¾è°±ç›¸å…³å­¦ä¹ èµ„æ–™/æ•°æ®é›†/å·¥å…·èµ„æºå¤§åˆ—è¡¨ã€Forteï¼šçµæ´»å¼ºå¤§çš„è‡ªç„¶è¯­è¨€å¤„ç†pipelineå·¥å…·é›† ã€Pythonå­—ç¬¦ä¸²ç›¸ä¼¼æ€§ç®—æ³•åº“ã€PyLaiaï¼šé¢å‘æ‰‹å†™æ–‡æ¡£åˆ†æçš„æ·±åº¦å­¦ä¹ å·¥å…·åŒ…ã€TextFoolerï¼šé’ˆå¯¹æ–‡æœ¬åˆ†ç±»/æ¨ç†çš„å¯¹æŠ—æ–‡æœ¬ç”Ÿæˆæ¨¡å—ã€Haystackï¼šçµæ´»ã€å¼ºå¤§çš„å¯æ‰©å±•é—®ç­”(QA)æ¡†æ¶ã€ä¸­æ–‡å…³é”®çŸ­è¯­æŠ½å–å·¥å…·"
21,Python,flask,68521,16249,Python,https://github.com/pallets/flask,pallets,6,2025-01-05T17:10:05Z,The Python micro framework for building web applications.
22,Python,devops-exercises,67257,15046,Python,https://github.com/bregman-arie/devops-exercises,bregman-arie,35,2024-12-28T12:40:46Z,"Linux, Jenkins, AWS, SRE, Prometheus, Docker, Python, Ansible, Git, Kubernetes, Terraform, OpenStack, SQL, NoSQL, Azure, GCP, DNS, Elastic, Network, Virtualization. DevOps Interview Questions"
23,Python,gpt_academic,66792,8192,Python,https://github.com/binary-husky/gpt_academic,binary-husky,408,2025-01-05T13:20:26Z,"ä¸ºGPT/GLMç­‰LLMå¤§è¯­è¨€æ¨¡å‹æä¾›å®ç”¨åŒ–äº¤äº’æ¥å£ï¼Œç‰¹åˆ«ä¼˜åŒ–è®ºæ–‡é˜…è¯»/æ¶¦è‰²/å†™ä½œä½“éªŒï¼Œæ¨¡å—åŒ–è®¾è®¡ï¼Œæ”¯æŒè‡ªå®šä¹‰å¿«æ·æŒ‰é’®&å‡½æ•°æ’ä»¶ï¼Œæ”¯æŒPythonå’ŒC++ç­‰é¡¹ç›®å‰–æ&è‡ªè¯‘è§£åŠŸèƒ½ï¼ŒPDF/LaTexè®ºæ–‡ç¿»è¯‘&æ€»ç»“åŠŸèƒ½ï¼Œæ”¯æŒå¹¶è¡Œé—®è¯¢å¤šç§LLMæ¨¡å‹ï¼Œæ”¯æŒchatglm3ç­‰æœ¬åœ°æ¨¡å‹ã€‚æ¥å…¥é€šä¹‰åƒé—®, deepseekcoder, è®¯é£æ˜Ÿç«, æ–‡å¿ƒä¸€è¨€, llama2, rwkv, claude2, mossç­‰ã€‚"
24,Python,screenshot-to-code,66649,8096,Python,https://github.com/abi/screenshot-to-code,abi,102,2025-01-08T22:04:48Z,Drop in a screenshot and convert it to clean code (HTML/Tailwind/React/Vue)
25,Python,awesome-machine-learning,66557,14723,Python,https://github.com/josephmisiti/awesome-machine-learning,josephmisiti,0,2024-12-16T21:26:20Z,"A curated list of awesome Machine Learning frameworks, libraries and software."
26,Python,d2l-zh,64915,11162,Python,https://github.com/d2l-ai/d2l-zh,d2l-ai,101,2024-07-30T09:32:19Z,ã€ŠåŠ¨æ‰‹å­¦æ·±åº¦å­¦ä¹ ã€‹ï¼šé¢å‘ä¸­æ–‡è¯»è€…ã€èƒ½è¿è¡Œã€å¯è®¨è®ºã€‚ä¸­è‹±æ–‡ç‰ˆè¢«70å¤šä¸ªå›½å®¶çš„500å¤šæ‰€å¤§å­¦ç”¨äºæ•™å­¦ã€‚
27,Python,cpython,64647,30823,Python,https://github.com/python/cpython,python,8970,2025-01-08T23:38:02Z,The Python programming language
28,Python,ansible,63613,23939,Python,https://github.com/ansible/ansible,ansible,914,2025-01-08T16:26:42Z,"Ansible is a radically simple IT automation platform that makes your applications and systems easier to deploy and maintain. Automate everything from code deployment to network configuration to cloud management, in a language that approaches plain English, using SSH, with no agents to install on remote systems. https://docs.ansible.com."
29,Python,gpt4free,62990,13482,Python,https://github.com/xtekky/gpt4free,xtekky,25,2025-01-08T18:30:11Z,The official gpt4free repository | various collection of powerful language models
30,Python,ComfyUI,62850,6711,Python,https://github.com/comfyanonymous/ComfyUI,comfyanonymous,1916,2025-01-09T00:06:04Z,"The most powerful and modular diffusion model GUI, api and backend with a graph/nodes interface."
31,Python,PayloadsAllTheThings,62369,14849,Python,https://github.com/swisskyrepo/PayloadsAllTheThings,swisskyrepo,15,2024-12-04T11:10:42Z,A list of useful payloads and bypass for Web Application Security and Pentest/CTF
32,Python,keras,62340,19477,Python,https://github.com/keras-team/keras,keras-team,254,2025-01-09T00:22:54Z,Deep Learning for humans
33,Python,sherlock,61621,7084,Python,https://github.com/sherlock-project/sherlock,sherlock-project,214,2024-11-13T21:56:34Z,Hunt down social media accounts by username across social networks
34,Python,scikit-learn,60684,25492,Python,https://github.com/scikit-learn/scikit-learn,scikit-learn,2114,2025-01-08T21:31:20Z,scikit-learn: machine learning in Python
35,Python,open-interpreter,57756,4956,Python,https://github.com/OpenInterpreter/open-interpreter,OpenInterpreter,233,2024-12-10T20:09:11Z,A natural language interface for computers
36,Python,annotated_deep_learning_paper_implementations,57750,5885,Python,https://github.com/labmlai/annotated_deep_learning_paper_implementations,labmlai,32,2024-08-24T09:18:59Z,"ğŸ§‘â€ğŸ« 60+ Implementations/tutorials of deep learning papers with side-by-side notes ğŸ“; including transformers (original, xl, switch, feedback, vit, ...), optimizers (adam, adabelief, sophia, ...), gans(cyclegan, stylegan2, ...), ğŸ® reinforcement learning (ppo, dqn), capsnet, distillation, ... ğŸ§ "
37,Python,new-pac,57444,9634,Python,https://github.com/Alvin9999/new-pac,Alvin9999,413,2025-01-09T02:45:30Z,ç¿»å¢™-ç§‘å­¦ä¸Šç½‘ã€è‡ªç”±ä¸Šç½‘ã€å…è´¹ç§‘å­¦ä¸Šç½‘ã€å…è´¹ç¿»å¢™ã€fanqiangã€æ²¹ç®¡youtube/è§†é¢‘ä¸‹è½½ã€è½¯ä»¶ã€VPNã€ä¸€é”®ç¿»å¢™æµè§ˆå™¨ï¼Œvpsä¸€é”®æ­å»ºç¿»å¢™æœåŠ¡å™¨è„šæœ¬/æ•™ç¨‹ï¼Œå…è´¹shadowsocks/ss/ssr/v2ray/goflywayè´¦å·/èŠ‚ç‚¹ï¼Œç¿»å¢™æ¢¯å­ï¼Œç”µè„‘ã€æ‰‹æœºã€iOSã€å®‰å“ã€windowsã€Macã€Linuxã€è·¯ç”±å™¨ç¿»å¢™ã€ç§‘å­¦ä¸Šç½‘ã€youtubeè§†é¢‘ä¸‹è½½ã€youtubeæ²¹ç®¡é•œåƒ/å…ç¿»å¢™ç½‘ç«™ã€ç¾åŒºapple idå…±äº«è´¦å·ã€ç¿»å¢™-ç§‘å­¦ä¸Šç½‘-æ¢¯å­
38,Python,llama,57136,9647,Python,https://github.com/meta-llama/llama,meta-llama,469,2024-08-18T07:07:28Z,Inference code for Llama models
39,Python,localstack,57011,4045,Python,https://github.com/localstack/localstack,localstack,325,2025-01-08T17:26:18Z,ğŸ’» A fully functional local AWS cloud stack. Develop and test your cloud & Serverless apps offline
40,Python,private-gpt,54730,7359,Python,https://github.com/zylon-ai/private-gpt,zylon-ai,254,2024-11-13T19:30:32Z,"Interact with your documents using the power of GPT, 100% privately, no data leaks"
41,Python,you-get,54299,9675,Python,https://github.com/soimort/you-get,soimort,378,2025-01-04T02:13:08Z,:arrow_double_down: Dumb downloader that scrapes the web
42,Python,face_recognition,53875,13526,Python,https://github.com/ageitgey/face_recognition,ageitgey,794,2024-08-21T06:22:36Z,The world's simplest facial recognition api for Python and the command line
43,Python,scrapy,53727,10610,Python,https://github.com/scrapy/scrapy,scrapy,617,2025-01-08T16:28:51Z,"Scrapy, a fast high-level web crawling & scraping framework for Python."
44,Python,Real-Time-Voice-Cloning,53162,8849,Python,https://github.com/CorentinJ/Real-Time-Voice-Cloning,CorentinJ,215,2024-08-14T19:54:03Z,Clone a voice in 5 seconds to generate arbitrary speech in real-time
45,Python,faceswap,52821,13266,Python,https://github.com/deepfakes/faceswap,deepfakes,30,2024-11-19T23:13:32Z,Deepfakes Software For All
46,Python,gpt-engineer,52811,6880,Python,https://github.com/AntonOsika/gpt-engineer,AntonOsika,29,2024-11-17T22:47:32Z,Platform to experiment with the AI Software Engineer. Terminal based. NOTE: Very different from https://gptengineer.app
47,Python,requests,52333,9339,Python,https://github.com/psf/requests,psf,262,2024-12-23T16:06:01Z,"A simple, yet elegant, HTTP library."
48,Python,yolov5,51834,16539,Python,https://github.com/ultralytics/yolov5,ultralytics,209,2025-01-06T20:25:14Z,YOLOv5 ğŸš€ in PyTorch > ONNX > CoreML > TFLite
49,Python,openpilot,51541,9276,Python,https://github.com/commaai/openpilot,commaai,161,2025-01-09T02:39:09Z,"openpilot is an operating system for robotics. Currently, it upgrades the driver assistance system on 275+ supported cars."
50,Python,hackingtool,51254,5514,Python,https://github.com/Z4nzu/hackingtool,Z4nzu,52,2024-07-31T13:30:04Z,ALL IN ONE Hacking Tool For Hackers
51,Python,rich,50242,1757,Python,https://github.com/Textualize/rich,Textualize,231,2024-12-02T16:01:57Z,Rich is a Python library for rich text and beautiful formatting in the terminal.
52,Python,grok-1,49762,8342,Python,https://github.com/xai-org/grok-1,xai-org,107,2024-08-30T04:17:25Z,Grok open release
53,Python,professional-programming,47106,3739,Python,https://github.com/charlax/professional-programming,charlax,2,2024-12-23T03:33:32Z,A collection of learning resources for curious software engineers
54,Python,big-list-of-naughty-strings,46787,2147,Python,https://github.com/minimaxir/big-list-of-naughty-strings,minimaxir,105,2024-04-18T03:26:59Z,The Big List of Naughty Strings is a list of strings which have a high probability of causing issues when used as user-input data.
55,Python,MetaGPT,46521,5529,Python,https://github.com/geekan/MetaGPT,geekan,89,2024-12-18T02:20:32Z,"ğŸŒŸ The Multi-Agent Framework: First AI Software Company, Towards Natural Language Programming"
56,Python,PaddleOCR,45586,7922,Python,https://github.com/PaddlePaddle/PaddleOCR,PaddlePaddle,120,2025-01-08T09:31:41Z,"Awesome multilingual OCR toolkits based on PaddlePaddle (practical ultra lightweight OCR system, support 80+ languages recognition, provide data annotation and synthesis tools, support training and deployment among server, mobile, embedded and IoT devices)"
57,Python,pandas,44229,18107,Python,https://github.com/pandas-dev/pandas,pandas-dev,3675,2025-01-08T23:06:32Z,"Flexible and powerful data analysis / manipulation library for Python, providing labeled data structures similar to R data.frame objects, statistical functions, and much more"
58,Python,30-Days-Of-Python,43787,8367,Python,https://github.com/Asabeneh/30-Days-Of-Python,Asabeneh,201,2024-10-09T08:43:32Z,"30 days of Python programming challenge is a step-by-step guide to learn the Python programming language in 30 days. This challenge may take more than100 days, follow your own pace.  These videos may help too: https://www.youtube.com/channel/UC7PNRuno1rzYPb1xLa4yktw"
59,Python,Fooocus,42470,6165,Python,https://github.com/lllyasviel/Fooocus,lllyasviel,248,2024-08-21T01:49:14Z,Focus on prompting and generating
60,Python,langflow,42446,4739,Python,https://github.com/langflow-ai/langflow,langflow-ai,302,2025-01-09T00:12:53Z,"Langflow is a low-code app builder for RAG and multi-agent AI applications. Itâ€™s Python-based and agnostic to any model, API, or database."
61,Python,OpenHands,42275,4669,Python,https://github.com/All-Hands-AI/OpenHands,All-Hands-AI,272,2025-01-09T02:39:55Z,"ğŸ™Œ OpenHands: Code Less, Make More"
62,Python,Deep-Live-Cam,42148,6192,Python,https://github.com/hacksider/Deep-Live-Cam,hacksider,31,2025-01-07T11:03:22Z,real time face swap and one-click video deepfake with only a single image
63,Python,text-generation-webui,41526,5409,Python,https://github.com/oobabooga/text-generation-webui,oobabooga,237,2025-01-09T00:17:31Z,A Gradio web UI for Large Language Models with support for multiple inference backends.
64,Python,ChatGLM-6B,40955,5237,Python,https://github.com/THUDM/ChatGLM-6B,THUDM,596,2024-06-27T04:05:25Z,ChatGLM-6B: An Open Bilingual Dialogue Language Model | å¼€æºåŒè¯­å¯¹è¯è¯­è¨€æ¨¡å‹
65,Python,python-patterns,40742,6950,Python,https://github.com/faif/python-patterns,faif,14,2024-09-05T20:53:59Z,A collection of design patterns/idioms in Python
66,Python,diagrams,40079,2562,Python,https://github.com/mingrammer/diagrams,mingrammer,377,2025-01-06T04:45:28Z,:art: Diagram as Code for prototyping cloud system architectures
67,Python,ailearning,39876,11483,Python,https://github.com/apachecn/ailearning,apachecn,2,2024-11-12T16:21:55Z,AiLearningï¼šæ•°æ®åˆ†æ+æœºå™¨å­¦ä¹ å®æˆ˜+çº¿æ€§ä»£æ•°+PyTorch+NLTK+TF2
68,Python,odoo,39856,25798,Python,https://github.com/odoo/odoo,odoo,7293,2025-01-09T02:17:24Z,Odoo. Open Source Apps To Grow Your Business.
69,Python,stablediffusion,39711,5102,Python,https://github.com/Stability-AI/stablediffusion,Stability-AI,292,2024-10-10T21:28:57Z,High-Resolution Image Synthesis with Latent Diffusion Models
70,Python,sentry,39574,4242,Python,https://github.com/getsentry/sentry,getsentry,2228,2025-01-09T02:49:10Z,Developer-first error tracking and performance monitoring
71,Python,black,39412,2497,Python,https://github.com/psf/black,psf,387,2025-01-07T19:50:57Z,The uncompromising Python code formatter
72,Python,ColossalAI,39008,4349,Python,https://github.com/hpcaitech/ColossalAI,hpcaitech,447,2025-01-08T03:51:50Z,"Making large AI models cheaper, faster and more accessible"
73,Python,cheat.sh,38761,1802,Python,https://github.com/chubin/cheat.sh,chubin,137,2024-12-31T17:50:52Z,the only cheat sheet you need
74,Python,Deep-Learning-Papers-Reading-Roadmap,38581,7335,Python,https://github.com/floodsung/Deep-Learning-Papers-Reading-Roadmap,floodsung,89,2022-11-27T13:18:32Z,Deep Learning papers reading roadmap for anyone who are eager to learn this amazing tech!
75,Python,bert,38489,9637,Python,https://github.com/google-research/bert,google-research,887,2024-07-23T23:39:41Z,TensorFlow code and pre-trained models for BERT
76,Python,GPT-SoVITS,38412,4340,Python,https://github.com/RVC-Boss/GPT-SoVITS,RVC-Boss,706,2025-01-02T03:16:32Z,1 min voice data can also be used to train a good TTS model! (few shot voice cloning)
77,Python,nanoGPT,38357,6190,Python,https://github.com/karpathy/nanoGPT,karpathy,274,2024-12-09T23:53:04Z,"The simplest, fastest repository for training/finetuning medium-sized GPTs."
78,Python,airflow,38215,14490,Python,https://github.com/apache/airflow,apache,1215,2025-01-09T00:27:23Z,"Apache Airflow - A platform to programmatically author, schedule, and monitor workflows"
79,Python,llama_index,37874,5442,Python,https://github.com/run-llama/llama_index,run-llama,663,2025-01-08T21:17:33Z,LlamaIndex is a data framework for your LLM applications
80,Python,LLaMA-Factory,37543,4631,Python,https://github.com/hiyouga/LLaMA-Factory,hiyouga,277,2025-01-08T10:18:49Z,Unified Efficient Fine-Tuning of 100+ LLMs (ACL 2024)
81,Python,mitmproxy,37473,4080,Python,https://github.com/mitmproxy/mitmproxy,mitmproxy,366,2025-01-08T21:03:46Z,An interactive TLS-capable intercepting HTTP proxy for penetration testers and software developers.
82,Python,FastChat,37457,4578,Python,https://github.com/lm-sys/FastChat,lm-sys,915,2024-12-26T23:42:40Z,"An open platform for training, serving, and evaluating large language models. Release repo for Vicuna and Chatbot Arena."
83,Python,Open-Assistant,37173,3252,Python,https://github.com/LAION-AI/Open-Assistant,LAION-AI,290,2024-08-17T01:55:35Z,"OpenAssistant is a chat-based assistant that understands tasks, can interact with third-party systems, and retrieve information dynamically to do so."
84,Python,quivr,37058,3607,Python,https://github.com/QuivrHQ/quivr,QuivrHQ,89,2025-01-06T09:42:31Z,"Opiniated RAG for integrating GenAI in your apps ğŸ§    Focus on your product rather than the RAG. Easy integration in existing products with customisation!  Any LLM: GPT4, Groq, Llama. Any Vectorstore: PGVector, Faiss. Any Files. Anyway you want. "
85,Python,interview_internal_reference,36743,9444,Python,https://github.com/0voice/interview_internal_reference,0voice,31,2024-05-20T12:04:02Z,2023å¹´æœ€æ–°æ€»ç»“ï¼Œé˜¿é‡Œï¼Œè…¾è®¯ï¼Œç™¾åº¦ï¼Œç¾å›¢ï¼Œå¤´æ¡ç­‰æŠ€æœ¯é¢è¯•é¢˜ç›®ï¼Œä»¥åŠç­”æ¡ˆï¼Œä¸“å®¶å‡ºé¢˜äººåˆ†ææ±‡æ€»ã€‚
86,Python,python-cheatsheet,36688,6490,Python,https://github.com/gto76/python-cheatsheet,gto76,23,2025-01-05T16:07:00Z,Comprehensive Python Cheatsheet
87,Python,TTS,36649,4529,Python,https://github.com/coqui-ai/TTS,coqui-ai,23,2024-08-16T12:07:14Z,"ğŸ¸ğŸ’¬ - a deep learning toolkit for Text-to-Speech, battle-tested in research and production"
88,Python,streamlit,36588,3155,Python,https://github.com/streamlit/streamlit,streamlit,1003,2025-01-09T01:24:48Z,Streamlit â€” A faster way to build and share data apps.
89,Python,WeChatMsg,36180,3754,Python,https://github.com/LC044/WeChatMsg,LC044,68,2025-01-02T13:14:29Z,æå–å¾®ä¿¡èŠå¤©è®°å½•ï¼Œå°†å…¶å¯¼å‡ºæˆHTMLã€Wordã€Excelæ–‡æ¡£æ°¸ä¹…ä¿å­˜ï¼Œå¯¹èŠå¤©è®°å½•è¿›è¡Œåˆ†æç”Ÿæˆå¹´åº¦èŠå¤©æŠ¥å‘Šï¼Œç”¨èŠå¤©æ•°æ®è®­ç»ƒä¸“å±äºä¸ªäººçš„AIèŠå¤©åŠ©æ‰‹
90,Python,DeepSpeed,36160,4184,Python,https://github.com/microsoft/DeepSpeed,microsoft,1104,2025-01-09T01:18:37Z,"DeepSpeed is a deep learning optimization library that makes distributed training and inference easy, efficient, and effective."
91,Python,GFPGAN,36127,5976,Python,https://github.com/TencentARC/GFPGAN,TencentARC,376,2024-07-26T18:44:02Z,GFPGAN aims at developing Practical Algorithms for Real-world Face Restoration.
92,Python,wtfpython,35949,2662,Python,https://github.com/satwikkansal/wtfpython,satwikkansal,81,2024-11-26T15:56:16Z,What the f*ck Python? ğŸ˜±
93,Python,DragGAN,35820,3454,Python,https://github.com/XingangPan/DragGAN,XingangPan,153,2024-05-18T17:51:40Z,Official Code for DragGAN (SIGGRAPH 2023)
94,Python,MockingBird,35613,5221,Python,https://github.com/babysor/MockingBird,babysor,479,2024-11-15T05:00:29Z,ğŸš€AIæ‹Ÿå£°: 5ç§’å†…å…‹éš†æ‚¨çš„å£°éŸ³å¹¶ç”Ÿæˆä»»æ„è¯­éŸ³å†…å®¹ Clone a voice in 5 seconds to generate arbitrary speech in real-time
95,Python,ultralytics,35126,6744,Python,https://github.com/ultralytics/ultralytics,ultralytics,1050,2025-01-08T20:14:43Z,Ultralytics YOLO11 ğŸš€
96,Python,gym,35101,8623,Python,https://github.com/openai/gym,openai,123,2024-10-11T20:07:05Z,A toolkit for developing and comparing reinforcement learning algorithms.
97,Python,gradio,35090,2650,Python,https://github.com/gradio-app/gradio,gradio-app,461,2025-01-09T02:04:00Z,"Build and share delightful machine learning apps, all in Python. ğŸŒŸ Star to support our work!"
98,Python,ray,34802,5917,Python,https://github.com/ray-project/ray,ray-project,4267,2025-01-08T23:54:24Z,Ray is an AI compute engine. Ray consists of a core distributed runtime and a set of AI Libraries for accelerating ML workloads.
99,Python,OpenBB,34767,3177,Python,https://github.com/OpenBB-finance/OpenBB,OpenBB-finance,51,2025-01-08T23:13:48Z,"Investment Research for Everyone, Everywhere."
100,Python,TaskMatrix,34549,3311,Python,https://github.com/chenfei-wu/TaskMatrix,chenfei-wu,258,2024-01-06T02:41:20Z,
